-- should fail, return type mismatch
create event trigger regress_event_trigger
   on ddl_command_start
   execute procedure pg_backend_pid();
ERROR:  42P17: function "pg_backend_pid" must return type "event_trigger"
-- OK
create function test_event_trigger() returns event_trigger as $$
BEGIN
    RAISE NOTICE 'test_event_trigger: % %', tg_event, tg_tag;
END
$$ language plpgsql;
CREATE FUNCTION
-- should fail, event triggers cannot have declared arguments
create function test_event_trigger_arg(name text)
returns event_trigger as $$ BEGIN RETURN 1; END $$ language plpgsql;
ERROR:  42P13: event trigger functions cannot have declared arguments
CONTEXT:  compilation of PL/pgSQL function "test_event_trigger_arg" near line 1
-- should fail, SQL functions cannot be event triggers
create function test_event_trigger_sql() returns event_trigger as $$
SELECT 1 $$ language sql;
ERROR:  42P13: SQL functions cannot return type event_trigger
-- should fail, no elephant_bootstrap entry point
create event trigger regress_event_trigger on elephant_bootstrap
   execute procedure test_event_trigger();
ERROR:  42601: unrecognized event name "elephant_bootstrap"
-- OK
create event trigger regress_event_trigger on ddl_command_start
   execute procedure test_event_trigger();
CREATE EVENT TRIGGER
-- OK
create event trigger regress_event_trigger_end on ddl_command_end
   execute procedure test_event_trigger();
CREATE EVENT TRIGGER
-- should fail, food is not a valid filter variable
create event trigger regress_event_trigger2 on ddl_command_start
   when food in ('sandwhich')
   execute procedure test_event_trigger();
ERROR:  42601: unrecognized filter variable "food"
-- should fail, sandwhich is not a valid command tag
create event trigger regress_event_trigger2 on ddl_command_start
   when tag in ('sandwhich')
   execute procedure test_event_trigger();
ERROR:  42601: filter value "sandwhich" not recognized for filter variable "tag"
-- should fail, create skunkcabbage is not a valid command tag
create event trigger regress_event_trigger2 on ddl_command_start
   when tag in ('create table', 'create skunkcabbage')
   execute procedure test_event_trigger();
ERROR:  42601: filter value "create skunkcabbage" not recognized for filter variable "tag"
-- should fail, can't have event triggers on event triggers
create event trigger regress_event_trigger2 on ddl_command_start
   when tag in ('DROP EVENT TRIGGER')
   execute procedure test_event_trigger();
ERROR:  0A000: event triggers are not supported for DROP EVENT TRIGGER
-- should fail, can't have event triggers on global objects
create event trigger regress_event_trigger2 on ddl_command_start
   when tag in ('CREATE ROLE')
   execute procedure test_event_trigger();
ERROR:  0A000: event triggers are not supported for CREATE ROLE
-- should fail, can't have event triggers on global objects
create event trigger regress_event_trigger2 on ddl_command_start
   when tag in ('CREATE DATABASE')
   execute procedure test_event_trigger();
ERROR:  0A000: event triggers are not supported for CREATE DATABASE
-- should fail, can't have event triggers on global objects
create event trigger regress_event_trigger2 on ddl_command_start
   when tag in ('CREATE TABLESPACE')
   execute procedure test_event_trigger();
ERROR:  0A000: event triggers are not supported for CREATE TABLESPACE
-- should fail, can't have same filter variable twice
create event trigger regress_event_trigger2 on ddl_command_start
   when tag in ('create table') and tag in ('CREATE FUNCTION')
   execute procedure test_event_trigger();
ERROR:  42601: filter variable "tag" specified more than once
-- should fail, can't have arguments
create event trigger regress_event_trigger2 on ddl_command_start
   execute procedure test_event_trigger('argument not allowed');
ERROR:  42601: syntax error at or near "'argument not allowed'"
LINE 2:    execute procedure test_event_trigger('argument not allowe...
                                                ^
-- OK
create event trigger regress_event_trigger2 on ddl_command_start
   when tag in ('create table', 'CREATE FUNCTION')
   execute procedure test_event_trigger();
CREATE EVENT TRIGGER
-- OK
comment on event trigger regress_event_trigger is 'test comment';
COMMENT
-- should fail, event triggers are not schema objects
comment on event trigger wrong.regress_event_trigger is 'test comment';
ERROR:  42601: event trigger name cannot be qualified
-- drop as non-superuser should fail
create role regression_bob;
CREATE ROLE
set role regression_bob;
SET
create event trigger regress_event_trigger_noperms on ddl_command_start
   execute procedure test_event_trigger();
ERROR:  42501: permission denied to create event trigger "regress_event_trigger_noperms"
HINT:  Must be superuser to create an event trigger.
reset role;
RESET
-- all OK
alter event trigger regress_event_trigger enable replica;
ALTER EVENT TRIGGER
alter event trigger regress_event_trigger enable always;
ALTER EVENT TRIGGER
alter event trigger regress_event_trigger enable;
ALTER EVENT TRIGGER
alter event trigger regress_event_trigger disable;
ALTER EVENT TRIGGER
-- regress_event_trigger2 and regress_event_trigger_end should fire, but not
-- regress_event_trigger
create table event_trigger_fire1 (a int);
NOTICE:  00000: test_event_trigger: ddl_command_start CREATE TABLE
NOTICE:  00000: test_event_trigger: ddl_command_end CREATE TABLE
CREATE TABLE
-- regress_event_trigger_end should fire on these commands
grant all on table event_trigger_fire1 to public;
NOTICE:  00000: test_event_trigger: ddl_command_end GRANT
GRANT
comment on table event_trigger_fire1 is 'here is a comment';
NOTICE:  00000: test_event_trigger: ddl_command_end COMMENT
COMMENT
revoke all on table event_trigger_fire1 from public;
NOTICE:  00000: test_event_trigger: ddl_command_end REVOKE
REVOKE
drop table event_trigger_fire1;
NOTICE:  00000: test_event_trigger: ddl_command_end DROP TABLE
DROP TABLE
create foreign data wrapper useless;
NOTICE:  00000: test_event_trigger: ddl_command_end CREATE FOREIGN DATA WRAPPER
CREATE FOREIGN DATA WRAPPER
create server useless_server foreign data wrapper useless;
NOTICE:  00000: test_event_trigger: ddl_command_end CREATE SERVER
CREATE SERVER
create user mapping for regression_bob server useless_server;
NOTICE:  00000: test_event_trigger: ddl_command_end CREATE USER MAPPING
CREATE USER MAPPING
alter default privileges for role regression_bob
 revoke delete on tables from regression_bob;
NOTICE:  00000: test_event_trigger: ddl_command_end ALTER DEFAULT PRIVILEGES
ALTER DEFAULT PRIVILEGES
-- alter owner to non-superuser should fail
alter event trigger regress_event_trigger owner to regression_bob;
ERROR:  42501: permission denied to change owner of event trigger "regress_event_trigger"
HINT:  The owner of an event trigger must be a superuser.
-- alter owner to superuser should work
alter role regression_bob superuser;
ALTER ROLE
alter event trigger regress_event_trigger owner to regression_bob;
ALTER EVENT TRIGGER
-- should fail, name collision
alter event trigger regress_event_trigger rename to regress_event_trigger2;
ERROR:  42710: event trigger "regress_event_trigger2" already exists
-- OK
alter event trigger regress_event_trigger rename to regress_event_trigger3;
ALTER EVENT TRIGGER
-- should fail, doesn't exist any more
drop event trigger regress_event_trigger;
ERROR:  42704: event trigger "regress_event_trigger" does not exist
-- should fail, regression_bob owns some objects
drop role regression_bob;
ERROR:  2BP01: role "regression_bob" cannot be dropped because some objects depend on it
DETAIL:  owner of event trigger regress_event_trigger3
owner of default privileges on new relations belonging to role regression_bob
owner of user mapping for regression_bob on server useless_server
-- cleanup before next test
-- these are all OK; the second one should emit a NOTICE
drop event trigger if exists regress_event_trigger2;
DROP EVENT TRIGGER
drop event trigger if exists regress_event_trigger2;
NOTICE:  00000: event trigger "regress_event_trigger2" does not exist, skipping
DROP EVENT TRIGGER
drop event trigger regress_event_trigger3;
DROP EVENT TRIGGER
drop event trigger regress_event_trigger_end;
DROP EVENT TRIGGER
-- test support for dropped objects
CREATE SCHEMA schema_one authorization regression_bob;
CREATE SCHEMA
CREATE SCHEMA schema_two authorization regression_bob;
CREATE SCHEMA
CREATE SCHEMA audit_tbls authorization regression_bob;
CREATE SCHEMA
CREATE TEMP TABLE a_temp_tbl ();
CREATE TABLE
SET SESSION AUTHORIZATION regression_bob;
SET
CREATE TABLE schema_one.table_one(a int);
CREATE TABLE
CREATE TABLE schema_one."table two"(a int);
CREATE TABLE
CREATE TABLE schema_one.table_three(a int);
CREATE TABLE
CREATE TABLE audit_tbls.schema_one_table_two(the_value text);
CREATE TABLE
CREATE TABLE schema_two.table_two(a int);
CREATE TABLE
CREATE TABLE schema_two.table_three(a int, b text);
CREATE TABLE
CREATE TABLE audit_tbls.schema_two_table_three(the_value text);
CREATE TABLE
CREATE OR REPLACE FUNCTION schema_two.add(int, int) RETURNS int LANGUAGE plpgsql
  CALLED ON NULL INPUT
  AS $$ BEGIN RETURN coalesce($1,0) + coalesce($2,0); END; $$;
CREATE FUNCTION
CREATE AGGREGATE schema_two.newton
  (BASETYPE = int, SFUNC = schema_two.add, STYPE = int);
CREATE AGGREGATE
RESET SESSION AUTHORIZATION;
RESET
CREATE TABLE undroppable_objs (
	object_type text,
	object_identity text
);
CREATE TABLE
INSERT INTO undroppable_objs VALUES
('table', 'schema_one.table_three'),
('table', 'audit_tbls.schema_two_table_three');
INSERT 0 2
CREATE TABLE dropped_objects (
	type text,
	schema text,
	object text
);
CREATE TABLE
-- This tests errors raised within event triggers; the one in audit_tbls
-- uses 2nd-level recursive invocation via test_evtrig_dropped_objects().
CREATE OR REPLACE FUNCTION undroppable() RETURNS event_trigger
LANGUAGE plpgsql AS $$
DECLARE
	obj record;
BEGIN
	PERFORM 1 FROM pg_tables WHERE tablename = 'undroppable_objs';
	IF NOT FOUND THEN
		RAISE NOTICE 'table undroppable_objs not found, skipping';
		RETURN;
	END IF;
	FOR obj IN
		SELECT * FROM pg_event_trigger_dropped_objects() JOIN
			undroppable_objs USING (object_type, object_identity)
	LOOP
		RAISE EXCEPTION 'object % of type % cannot be dropped',
			obj.object_identity, obj.object_type;
	END LOOP;
END;
$$;
CREATE FUNCTION
CREATE EVENT TRIGGER undroppable ON sql_drop
	EXECUTE PROCEDURE undroppable();
CREATE EVENT TRIGGER
CREATE OR REPLACE FUNCTION test_evtrig_dropped_objects() RETURNS event_trigger
LANGUAGE plpgsql AS $$
DECLARE
    obj record;
BEGIN
    FOR obj IN SELECT * FROM pg_event_trigger_dropped_objects()
    LOOP
        IF obj.object_type = 'table' THEN
                EXECUTE format('DROP TABLE IF EXISTS audit_tbls.%I',
					format('%s_%s', obj.schema_name, obj.object_name));
        END IF;

	INSERT INTO dropped_objects
		(type, schema, object) VALUES
		(obj.object_type, obj.schema_name, obj.object_identity);
    END LOOP;
END
$$;
CREATE FUNCTION
CREATE EVENT TRIGGER regress_event_trigger_drop_objects ON sql_drop
	WHEN TAG IN ('drop table', 'drop function', 'drop view',
		'drop owned', 'drop schema', 'alter table')
	EXECUTE PROCEDURE test_evtrig_dropped_objects();
CREATE EVENT TRIGGER
ALTER TABLE schema_one.table_one DROP COLUMN a;
ALTER TABLE
DROP SCHEMA schema_one, schema_two CASCADE;
NOTICE:  00000: drop cascades to 7 other objects
DETAIL:  drop cascades to table schema_two.table_two
drop cascades to table schema_two.table_three
drop cascades to function schema_two.add(integer,integer)
drop cascades to function schema_two.newton(integer)
drop cascades to table schema_one.table_one
drop cascades to table schema_one."table two"
drop cascades to table schema_one.table_three
NOTICE:  00000: table "schema_two_table_two" does not exist, skipping
CONTEXT:  SQL statement "DROP TABLE IF EXISTS audit_tbls.schema_two_table_two"
PL/pgSQL function test_evtrig_dropped_objects() line 8 at EXECUTE
NOTICE:  00000: table "audit_tbls_schema_two_table_three" does not exist, skipping
CONTEXT:  SQL statement "DROP TABLE IF EXISTS audit_tbls.audit_tbls_schema_two_table_three"
PL/pgSQL function test_evtrig_dropped_objects() line 8 at EXECUTE
SQL statement "DROP TABLE IF EXISTS audit_tbls.schema_two_table_three"
PL/pgSQL function test_evtrig_dropped_objects() line 8 at EXECUTE
ERROR:  P0001: object audit_tbls.schema_two_table_three of type table cannot be dropped
CONTEXT:  SQL statement "DROP TABLE IF EXISTS audit_tbls.schema_two_table_three"
PL/pgSQL function test_evtrig_dropped_objects() line 8 at EXECUTE
DELETE FROM undroppable_objs WHERE object_identity = 'audit_tbls.schema_two_table_three';
DELETE 1
DROP SCHEMA schema_one, schema_two CASCADE;
NOTICE:  00000: drop cascades to 7 other objects
DETAIL:  drop cascades to table schema_two.table_two
drop cascades to table schema_two.table_three
drop cascades to function schema_two.add(integer,integer)
drop cascades to function schema_two.newton(integer)
drop cascades to table schema_one.table_one
drop cascades to table schema_one."table two"
drop cascades to table schema_one.table_three
NOTICE:  00000: table "schema_two_table_two" does not exist, skipping
CONTEXT:  SQL statement "DROP TABLE IF EXISTS audit_tbls.schema_two_table_two"
PL/pgSQL function test_evtrig_dropped_objects() line 8 at EXECUTE
NOTICE:  00000: table "audit_tbls_schema_two_table_three" does not exist, skipping
CONTEXT:  SQL statement "DROP TABLE IF EXISTS audit_tbls.audit_tbls_schema_two_table_three"
PL/pgSQL function test_evtrig_dropped_objects() line 8 at EXECUTE
SQL statement "DROP TABLE IF EXISTS audit_tbls.schema_two_table_three"
PL/pgSQL function test_evtrig_dropped_objects() line 8 at EXECUTE
NOTICE:  00000: table "schema_one_table_one" does not exist, skipping
CONTEXT:  SQL statement "DROP TABLE IF EXISTS audit_tbls.schema_one_table_one"
PL/pgSQL function test_evtrig_dropped_objects() line 8 at EXECUTE
NOTICE:  00000: table "schema_one_table two" does not exist, skipping
CONTEXT:  SQL statement "DROP TABLE IF EXISTS audit_tbls."schema_one_table two""
PL/pgSQL function test_evtrig_dropped_objects() line 8 at EXECUTE
NOTICE:  00000: table "schema_one_table_three" does not exist, skipping
CONTEXT:  SQL statement "DROP TABLE IF EXISTS audit_tbls.schema_one_table_three"
PL/pgSQL function test_evtrig_dropped_objects() line 8 at EXECUTE
ERROR:  P0001: object schema_one.table_three of type table cannot be dropped
DELETE FROM undroppable_objs WHERE object_identity = 'schema_one.table_three';
DELETE 1
DROP SCHEMA schema_one, schema_two CASCADE;
NOTICE:  00000: drop cascades to 7 other objects
DETAIL:  drop cascades to table schema_two.table_two
drop cascades to table schema_two.table_three
drop cascades to function schema_two.add(integer,integer)
drop cascades to function schema_two.newton(integer)
drop cascades to table schema_one.table_one
drop cascades to table schema_one."table two"
drop cascades to table schema_one.table_three
NOTICE:  00000: table "schema_two_table_two" does not exist, skipping
CONTEXT:  SQL statement "DROP TABLE IF EXISTS audit_tbls.schema_two_table_two"
PL/pgSQL function test_evtrig_dropped_objects() line 8 at EXECUTE
NOTICE:  00000: table "audit_tbls_schema_two_table_three" does not exist, skipping
CONTEXT:  SQL statement "DROP TABLE IF EXISTS audit_tbls.audit_tbls_schema_two_table_three"
PL/pgSQL function test_evtrig_dropped_objects() line 8 at EXECUTE
SQL statement "DROP TABLE IF EXISTS audit_tbls.schema_two_table_three"
PL/pgSQL function test_evtrig_dropped_objects() line 8 at EXECUTE
NOTICE:  00000: table "schema_one_table_one" does not exist, skipping
CONTEXT:  SQL statement "DROP TABLE IF EXISTS audit_tbls.schema_one_table_one"
PL/pgSQL function test_evtrig_dropped_objects() line 8 at EXECUTE
NOTICE:  00000: table "schema_one_table two" does not exist, skipping
CONTEXT:  SQL statement "DROP TABLE IF EXISTS audit_tbls."schema_one_table two""
PL/pgSQL function test_evtrig_dropped_objects() line 8 at EXECUTE
NOTICE:  00000: table "schema_one_table_three" does not exist, skipping
CONTEXT:  SQL statement "DROP TABLE IF EXISTS audit_tbls.schema_one_table_three"
PL/pgSQL function test_evtrig_dropped_objects() line 8 at EXECUTE
DROP SCHEMA
SELECT * FROM dropped_objects WHERE schema IS NULL OR schema <> 'pg_toast';
     type     |   schema   |               object                
--------------+------------+-------------------------------------
 table column | schema_one | schema_one.table_one.a
 schema       |            | schema_two
 table        | schema_two | schema_two.table_two
 type         | schema_two | schema_two.table_two
 type         | schema_two | schema_two.table_two[]
 table        | audit_tbls | audit_tbls.schema_two_table_three
 type         | audit_tbls | audit_tbls.schema_two_table_three
 type         | audit_tbls | audit_tbls.schema_two_table_three[]
 table        | schema_two | schema_two.table_three
 type         | schema_two | schema_two.table_three
 type         | schema_two | schema_two.table_three[]
 function     | schema_two | schema_two.add(integer,integer)
 aggregate    | schema_two | schema_two.newton(integer)
 schema       |            | schema_one
 table        | schema_one | schema_one.table_one
 type         | schema_one | schema_one.table_one
 type         | schema_one | schema_one.table_one[]
 table        | schema_one | schema_one."table two"
 type         | schema_one | schema_one."table two"
 type         | schema_one | schema_one."table two"[]
 table        | schema_one | schema_one.table_three
 type         | schema_one | schema_one.table_three
 type         | schema_one | schema_one.table_three[]
(23 rows)

DROP OWNED BY regression_bob;
NOTICE:  00000: schema "audit_tbls" does not exist, skipping
CONTEXT:  SQL statement "DROP TABLE IF EXISTS audit_tbls.audit_tbls_schema_one_table_two"
PL/pgSQL function test_evtrig_dropped_objects() line 8 at EXECUTE
DROP OWNED
SELECT * FROM dropped_objects WHERE type = 'schema';
  type  | schema |   object   
--------+--------+------------
 schema |        | schema_two
 schema |        | schema_one
 schema |        | audit_tbls
(3 rows)

DROP ROLE regression_bob;
DROP ROLE
DROP EVENT TRIGGER regress_event_trigger_drop_objects;
DROP EVENT TRIGGER
DROP EVENT TRIGGER undroppable;
DROP EVENT TRIGGER
CREATE OR REPLACE FUNCTION event_trigger_report_dropped()
 RETURNS event_trigger
 LANGUAGE plpgsql
AS $$
DECLARE r record;
BEGIN
    FOR r IN SELECT * from pg_event_trigger_dropped_objects()
    LOOP
    IF NOT r.normal AND NOT r.original THEN
        CONTINUE;
    END IF;
    RAISE NOTICE 'NORMAL: orig=% normal=% istemp=% type=% identity=% name=% args=%',
        r.original, r.normal, r.is_temporary, r.object_type,
        r.object_identity, r.address_names, r.address_args;
    END LOOP;
END; $$;
CREATE FUNCTION
CREATE EVENT TRIGGER regress_event_trigger_report_dropped ON sql_drop
    EXECUTE PROCEDURE event_trigger_report_dropped();
CREATE EVENT TRIGGER
CREATE SCHEMA evttrig
	CREATE TABLE one (col_a SERIAL PRIMARY KEY, col_b text DEFAULT 'forty two')
	CREATE INDEX one_idx ON one (col_b)
	CREATE TABLE two (col_c INTEGER CHECK (col_c > 0) REFERENCES one DEFAULT 42);
CREATE SCHEMA
ALTER TABLE evttrig.two DROP COLUMN col_c;
NOTICE:  00000: NORMAL: orig=t normal=f istemp=f type=table column identity=evttrig.two.col_c name={evttrig,two,col_c} args={}
NOTICE:  00000: NORMAL: orig=f normal=t istemp=f type=table constraint identity=two_col_c_check on evttrig.two name={evttrig,two,two_col_c_check} args={}
ALTER TABLE
ALTER TABLE evttrig.one ALTER COLUMN col_b DROP DEFAULT;
NOTICE:  00000: NORMAL: orig=t normal=f istemp=f type=default value identity=for evttrig.one.col_b name={evttrig,one,col_b} args={}
ALTER TABLE
ALTER TABLE evttrig.one DROP CONSTRAINT one_pkey;
NOTICE:  00000: NORMAL: orig=t normal=f istemp=f type=table constraint identity=one_pkey on evttrig.one name={evttrig,one,one_pkey} args={}
ALTER TABLE
DROP INDEX evttrig.one_idx;
NOTICE:  00000: NORMAL: orig=t normal=f istemp=f type=index identity=evttrig.one_idx name={evttrig,one_idx} args={}
DROP INDEX
DROP SCHEMA evttrig CASCADE;
NOTICE:  00000: drop cascades to 2 other objects
DETAIL:  drop cascades to table evttrig.one
drop cascades to table evttrig.two
NOTICE:  00000: NORMAL: orig=t normal=f istemp=f type=schema identity=evttrig name={evttrig} args={}
NOTICE:  00000: NORMAL: orig=f normal=t istemp=f type=table identity=evttrig.one name={evttrig,one} args={}
NOTICE:  00000: NORMAL: orig=f normal=t istemp=f type=sequence identity=evttrig.one_col_a_seq name={evttrig,one_col_a_seq} args={}
NOTICE:  00000: NORMAL: orig=f normal=t istemp=f type=default value identity=for evttrig.one.col_a name={evttrig,one,col_a} args={}
NOTICE:  00000: NORMAL: orig=f normal=t istemp=f type=table identity=evttrig.two name={evttrig,two} args={}
DROP SCHEMA
DROP TABLE a_temp_tbl;
NOTICE:  00000: NORMAL: orig=t normal=f istemp=t type=table identity=pg_temp.a_temp_tbl name={pg_temp,a_temp_tbl} args={}
DROP TABLE
DROP EVENT TRIGGER regress_event_trigger_report_dropped;
DROP EVENT TRIGGER
-- only allowed from within an event trigger function, should fail
select pg_event_trigger_table_rewrite_oid();
ERROR:  39P03: pg_event_trigger_table_rewrite_oid() can only be called in a table_rewrite event trigger function
-- test Table Rewrite Event Trigger
CREATE OR REPLACE FUNCTION test_evtrig_no_rewrite() RETURNS event_trigger
LANGUAGE plpgsql AS $$
BEGIN
  RAISE EXCEPTION 'I''m sorry Sir, No Rewrite Allowed.';
END;
$$;
CREATE FUNCTION
create event trigger no_rewrite_allowed on table_rewrite
  execute procedure test_evtrig_no_rewrite();
CREATE EVENT TRIGGER
create table rewriteme (id serial primary key, foo float);
CREATE TABLE
insert into rewriteme
     select x * 1.001 from generate_series(1, 500) as t(x);
INSERT 0 500
alter table rewriteme alter column foo type numeric;
ERROR:  P0001: I'm sorry Sir, No Rewrite Allowed.
alter table rewriteme add column baz int default 0;
ERROR:  P0001: I'm sorry Sir, No Rewrite Allowed.
-- test with more than one reason to rewrite a single table
CREATE OR REPLACE FUNCTION test_evtrig_no_rewrite() RETURNS event_trigger
LANGUAGE plpgsql AS $$
BEGIN
  RAISE NOTICE 'Table ''%'' is being rewritten (reason = %)',
               pg_event_trigger_table_rewrite_oid()::regclass,
               pg_event_trigger_table_rewrite_reason();
END;
$$;
CREATE FUNCTION
alter table rewriteme
 add column onemore int default 0,
 add column another int default -1,
 alter column foo type numeric(10,4);
NOTICE:  00000: Table 'rewriteme' is being rewritten (reason = 6)
ALTER TABLE
-- shouldn't trigger a table_rewrite event
alter table rewriteme alter column foo type numeric(12,4);
ALTER TABLE
-- typed tables are rewritten when their type changes.  Don't emit table
-- name, because firing order is not stable.
CREATE OR REPLACE FUNCTION test_evtrig_no_rewrite() RETURNS event_trigger
LANGUAGE plpgsql AS $$
BEGIN
  RAISE NOTICE 'Table is being rewritten (reason = %)',
               pg_event_trigger_table_rewrite_reason();
END;
$$;
CREATE FUNCTION
create type rewritetype as (a int);
CREATE TYPE
create table rewritemetoo1 of rewritetype;
CREATE TABLE
create table rewritemetoo2 of rewritetype;
CREATE TABLE
alter type rewritetype alter attribute a type text cascade;
NOTICE:  00000: Table is being rewritten (reason = 4)
NOTICE:  00000: Table is being rewritten (reason = 4)
ALTER TYPE
-- but this doesn't work
create table rewritemetoo3 (a rewritetype);
CREATE TABLE
alter type rewritetype alter attribute a type varchar cascade;
ERROR:  0A000: cannot alter type "rewritetype" because column "rewritemetoo3.a" uses it
drop table rewriteme;
DROP TABLE
drop event trigger no_rewrite_allowed;
DROP EVENT TRIGGER
drop function test_evtrig_no_rewrite();
DROP FUNCTION
-- test Row Security Event Trigger
RESET SESSION AUTHORIZATION;
RESET
CREATE TABLE event_trigger_test (a integer, b text);
CREATE TABLE
CREATE OR REPLACE FUNCTION start_command()
RETURNS event_trigger AS $$
BEGIN
RAISE NOTICE '% - ddl_command_start', tg_tag;
END;
$$ LANGUAGE plpgsql;
CREATE FUNCTION
CREATE OR REPLACE FUNCTION end_command()
RETURNS event_trigger AS $$
BEGIN
RAISE NOTICE '% - ddl_command_end', tg_tag;
END;
$$ LANGUAGE plpgsql;
CREATE FUNCTION
CREATE OR REPLACE FUNCTION drop_sql_command()
RETURNS event_trigger AS $$
BEGIN
RAISE NOTICE '% - sql_drop', tg_tag;
END;
$$ LANGUAGE plpgsql;
CREATE FUNCTION
CREATE EVENT TRIGGER start_rls_command ON ddl_command_start
    WHEN TAG IN ('CREATE POLICY', 'ALTER POLICY', 'DROP POLICY') EXECUTE PROCEDURE start_command();
CREATE EVENT TRIGGER
CREATE EVENT TRIGGER end_rls_command ON ddl_command_end
    WHEN TAG IN ('CREATE POLICY', 'ALTER POLICY', 'DROP POLICY') EXECUTE PROCEDURE end_command();
CREATE EVENT TRIGGER
CREATE EVENT TRIGGER sql_drop_command ON sql_drop
    WHEN TAG IN ('DROP POLICY') EXECUTE PROCEDURE drop_sql_command();
CREATE EVENT TRIGGER
CREATE POLICY p1 ON event_trigger_test USING (FALSE);
NOTICE:  00000: CREATE POLICY - ddl_command_start
NOTICE:  00000: CREATE POLICY - ddl_command_end
CREATE POLICY
ALTER POLICY p1 ON event_trigger_test USING (TRUE);
NOTICE:  00000: ALTER POLICY - ddl_command_start
NOTICE:  00000: ALTER POLICY - ddl_command_end
ALTER POLICY
ALTER POLICY p1 ON event_trigger_test RENAME TO p2;
NOTICE:  00000: ALTER POLICY - ddl_command_start
NOTICE:  00000: ALTER POLICY - ddl_command_end
ALTER POLICY
DROP POLICY p2 ON event_trigger_test;
NOTICE:  00000: DROP POLICY - ddl_command_start
NOTICE:  00000: DROP POLICY - sql_drop
NOTICE:  00000: DROP POLICY - ddl_command_end
DROP POLICY
DROP EVENT TRIGGER start_rls_command;
DROP EVENT TRIGGER
DROP EVENT TRIGGER end_rls_command;
DROP EVENT TRIGGER
DROP EVENT TRIGGER sql_drop_command;
DROP EVENT TRIGGER
