/* Test inheritance of structure (LIKE) */
CREATE TABLE inhx (xx text DEFAULT 'text');
CREATE TABLE
/*
 * Test double inheritance
 *
 * Ensure that defaults are NOT included unless
 * INCLUDING DEFAULTS is specified
 */
CREATE TABLE ctla (aa TEXT);
CREATE TABLE
CREATE TABLE ctlb (bb TEXT) INHERITS (ctla);
CREATE TABLE
CREATE TABLE foo (LIKE nonexistent);
ERROR:  42P01: relation "nonexistent" does not exist
LINE 1: CREATE TABLE foo (LIKE nonexistent);
                               ^
CREATE TABLE inhe (ee text, LIKE inhx) inherits (ctlb);
CREATE TABLE
INSERT INTO inhe VALUES ('ee-col1', 'ee-col2', DEFAULT, 'ee-col4');
INSERT 0 1
SELECT * FROM inhe; /* Columns aa, bb, xx value NULL, ee */
   aa    |   bb    | ee |   xx    
---------+---------+----+---------
 ee-col1 | ee-col2 |    | ee-col4
(1 row)

SELECT * FROM inhx; /* Empty set since LIKE inherits structure only */
 xx 
----
(0 rows)

SELECT * FROM ctlb; /* Has ee entry */
   aa    |   bb    
---------+---------
 ee-col1 | ee-col2
(1 row)

SELECT * FROM ctla; /* Has ee entry */
   aa    
---------
 ee-col1
(1 row)

CREATE TABLE inhf (LIKE inhx, LIKE inhx); /* Throw error */
ERROR:  42701: column "xx" specified more than once
CREATE TABLE inhf (LIKE inhx INCLUDING DEFAULTS INCLUDING CONSTRAINTS);
CREATE TABLE
INSERT INTO inhf DEFAULT VALUES;
INSERT 0 1
SELECT * FROM inhf; /* Single entry with value 'text' */
  xx  
------
 text
(1 row)

ALTER TABLE inhx add constraint foo CHECK (xx = 'text');
ALTER TABLE
ALTER TABLE inhx ADD PRIMARY KEY (xx);
ALTER TABLE
CREATE TABLE inhg (LIKE inhx); /* Doesn't copy constraint */
CREATE TABLE
INSERT INTO inhg VALUES ('foo');
INSERT 0 1
DROP TABLE inhg;
DROP TABLE
CREATE TABLE inhg (x text, LIKE inhx INCLUDING CONSTRAINTS, y text); /* Copies constraints */
CREATE TABLE
INSERT INTO inhg VALUES ('x', 'text', 'y'); /* Succeeds */
INSERT 0 1
INSERT INTO inhg VALUES ('x', 'text', 'y'); /* Succeeds -- Unique constraints not copied */
INSERT 0 1
INSERT INTO inhg VALUES ('x', 'foo',  'y');  /* fails due to constraint */
ERROR:  23514: new row for relation "inhg" violates check constraint "foo"
DETAIL:  Failing row contains (x, foo, y).
SELECT * FROM inhg; /* Two records with three columns in order x=x, xx=text, y=y */
 x |  xx  | y 
---+------+---
 x | text | y
 x | text | y
(2 rows)

DROP TABLE inhg;
DROP TABLE
CREATE TABLE inhg (x text, LIKE inhx INCLUDING INDEXES, y text); /* copies indexes */
CREATE TABLE
INSERT INTO inhg VALUES (5, 10);
INSERT 0 1
INSERT INTO inhg VALUES (20, 10); -- should fail
ERROR:  23505: duplicate key value violates unique constraint "inhg_pkey"
DETAIL:  Key (xx)=(10) already exists.
DROP TABLE inhg;
DROP TABLE
/* Multiple primary keys creation should fail */
CREATE TABLE inhg (x text, LIKE inhx INCLUDING INDEXES, PRIMARY KEY(x)); /* fails */
ERROR:  42P16: multiple primary keys for table "inhg" are not allowed
CREATE TABLE inhz (xx text DEFAULT 'text', yy int UNIQUE);
CREATE TABLE
CREATE UNIQUE INDEX inhz_xx_idx on inhz (xx) WHERE xx <> 'test';
CREATE INDEX
/* Ok to create multiple unique indexes */
CREATE TABLE inhg (x text UNIQUE, LIKE inhz INCLUDING INDEXES);
CREATE TABLE
INSERT INTO inhg (xx, yy, x) VALUES ('test', 5, 10);
INSERT 0 1
INSERT INTO inhg (xx, yy, x) VALUES ('test', 10, 15);
INSERT 0 1
INSERT INTO inhg (xx, yy, x) VALUES ('foo', 10, 15); -- should fail
ERROR:  23505: duplicate key value violates unique constraint "inhg_x_key"
DETAIL:  Key (x)=(15) already exists.
DROP TABLE inhg;
DROP TABLE
DROP TABLE inhz;
DROP TABLE
-- including storage and comments
CREATE TABLE ctlt1 (a text CHECK (length(a) > 2) PRIMARY KEY, b text);
CREATE TABLE
CREATE INDEX ctlt1_b_key ON ctlt1 (b);
CREATE INDEX
CREATE INDEX ctlt1_fnidx ON ctlt1 ((a || b));
CREATE INDEX
COMMENT ON COLUMN ctlt1.a IS 'A';
COMMENT
COMMENT ON COLUMN ctlt1.b IS 'B';
COMMENT
COMMENT ON CONSTRAINT ctlt1_a_check ON ctlt1 IS 't1_a_check';
COMMENT
COMMENT ON INDEX ctlt1_pkey IS 'index pkey';
COMMENT
COMMENT ON INDEX ctlt1_b_key IS 'index b_key';
COMMENT
ALTER TABLE ctlt1 ALTER COLUMN a SET STORAGE MAIN;
ALTER TABLE
CREATE TABLE ctlt2 (c text);
CREATE TABLE
ALTER TABLE ctlt2 ALTER COLUMN c SET STORAGE EXTERNAL;
ALTER TABLE
COMMENT ON COLUMN ctlt2.c IS 'C';
COMMENT
CREATE TABLE ctlt3 (a text CHECK (length(a) < 5), c text);
CREATE TABLE
ALTER TABLE ctlt3 ALTER COLUMN c SET STORAGE EXTERNAL;
ALTER TABLE
ALTER TABLE ctlt3 ALTER COLUMN a SET STORAGE MAIN;
ALTER TABLE
COMMENT ON COLUMN ctlt3.a IS 'A3';
COMMENT
COMMENT ON COLUMN ctlt3.c IS 'C';
COMMENT
COMMENT ON CONSTRAINT ctlt3_a_check ON ctlt3 IS 't3_a_check';
COMMENT
CREATE TABLE ctlt4 (a text, c text);
CREATE TABLE
ALTER TABLE ctlt4 ALTER COLUMN c SET STORAGE EXTERNAL;
ALTER TABLE
CREATE TABLE ctlt12_storage (LIKE ctlt1 INCLUDING STORAGE, LIKE ctlt2 INCLUDING STORAGE);
CREATE TABLE
\d+ ctlt12_storage
                   Table "public.ctlt12_storage"
 Column | Type | Modifiers | Storage  | Stats target | Description 
--------+------+-----------+----------+--------------+-------------
 a      | text | not null  | main     |              | 
 b      | text |           | extended |              | 
 c      | text |           | external |              | 
Replica Identity: FULL

CREATE TABLE ctlt12_comments (LIKE ctlt1 INCLUDING COMMENTS, LIKE ctlt2 INCLUDING COMMENTS);
CREATE TABLE
\d+ ctlt12_comments
                  Table "public.ctlt12_comments"
 Column | Type | Modifiers | Storage  | Stats target | Description 
--------+------+-----------+----------+--------------+-------------
 a      | text | not null  | extended |              | A
 b      | text |           | extended |              | B
 c      | text |           | extended |              | C
Replica Identity: FULL

CREATE TABLE ctlt1_inh (LIKE ctlt1 INCLUDING CONSTRAINTS INCLUDING COMMENTS) INHERITS (ctlt1);
NOTICE:  00000: merging column "a" with inherited definition
NOTICE:  00000: merging column "b" with inherited definition
NOTICE:  00000: merging constraint "ctlt1_a_check" with inherited definition
CREATE TABLE
\d+ ctlt1_inh
                     Table "public.ctlt1_inh"
 Column | Type | Modifiers | Storage  | Stats target | Description 
--------+------+-----------+----------+--------------+-------------
 a      | text | not null  | main     |              | A
 b      | text |           | extended |              | B
Check constraints:
    "ctlt1_a_check" CHECK (length(a) > 2)
Inherits: ctlt1
Replica Identity: FULL

SELECT description FROM pg_description, pg_constraint c WHERE classoid = 'pg_constraint'::regclass AND objoid = c.oid AND c.conrelid = 'ctlt1_inh'::regclass;
 description 
-------------
 t1_a_check
(1 row)

CREATE TABLE ctlt13_inh () INHERITS (ctlt1, ctlt3);
NOTICE:  00000: merging multiple inherited definitions of column "a"
CREATE TABLE
\d+ ctlt13_inh
                     Table "public.ctlt13_inh"
 Column | Type | Modifiers | Storage  | Stats target | Description 
--------+------+-----------+----------+--------------+-------------
 a      | text | not null  | main     |              | 
 b      | text |           | extended |              | 
 c      | text |           | external |              | 
Check constraints:
    "ctlt1_a_check" CHECK (length(a) > 2)
    "ctlt3_a_check" CHECK (length(a) < 5)
Inherits: ctlt1,
          ctlt3
Replica Identity: FULL

CREATE TABLE ctlt13_like (LIKE ctlt3 INCLUDING CONSTRAINTS INCLUDING COMMENTS INCLUDING STORAGE) INHERITS (ctlt1);
NOTICE:  00000: merging column "a" with inherited definition
CREATE TABLE
\d+ ctlt13_like
                    Table "public.ctlt13_like"
 Column | Type | Modifiers | Storage  | Stats target | Description 
--------+------+-----------+----------+--------------+-------------
 a      | text | not null  | main     |              | A3
 b      | text |           | extended |              | 
 c      | text |           | external |              | C
Check constraints:
    "ctlt1_a_check" CHECK (length(a) > 2)
    "ctlt3_a_check" CHECK (length(a) < 5)
Inherits: ctlt1
Replica Identity: FULL

SELECT description FROM pg_description, pg_constraint c WHERE classoid = 'pg_constraint'::regclass AND objoid = c.oid AND c.conrelid = 'ctlt13_like'::regclass;
 description 
-------------
 t3_a_check
(1 row)

CREATE TABLE ctlt_all (LIKE ctlt1 INCLUDING ALL);
CREATE TABLE
\d+ ctlt_all
                      Table "public.ctlt_all"
 Column | Type | Modifiers | Storage  | Stats target | Description 
--------+------+-----------+----------+--------------+-------------
 a      | text | not null  | main     |              | A
 b      | text |           | extended |              | B
Indexes:
    "ctlt_all_pkey" PRIMARY KEY, btree (a)
    "ctlt_all_b_idx" btree (b)
    "ctlt_all_expr_idx" btree ((a || b))
Check constraints:
    "ctlt1_a_check" CHECK (length(a) > 2)
Replica Identity: FULL

SELECT c.relname, objsubid, description FROM pg_description, pg_index i, pg_class c WHERE classoid = 'pg_class'::regclass AND objoid = i.indexrelid AND c.oid = i.indexrelid AND i.indrelid = 'ctlt_all'::regclass ORDER BY c.relname, objsubid;
    relname     | objsubid | description 
----------------+----------+-------------
 ctlt_all_b_idx |        0 | index b_key
 ctlt_all_pkey  |        0 | index pkey
(2 rows)

CREATE TABLE inh_error1 () INHERITS (ctlt1, ctlt4);
NOTICE:  00000: merging multiple inherited definitions of column "a"
ERROR:  42804: inherited column "a" has a storage parameter conflict
DETAIL:  MAIN versus EXTENDED
CREATE TABLE inh_error2 (LIKE ctlt4 INCLUDING STORAGE) INHERITS (ctlt1);
NOTICE:  00000: merging column "a" with inherited definition
ERROR:  42804: column "a" has a storage parameter conflict
DETAIL:  MAIN versus EXTENDED
DROP TABLE ctlt1, ctlt2, ctlt3, ctlt4, ctlt12_storage, ctlt12_comments, ctlt1_inh, ctlt13_inh, ctlt13_like, ctlt_all, ctla, ctlb CASCADE;
NOTICE:  00000: drop cascades to table inhe
DROP TABLE
/* LIKE with other relation kinds */
CREATE TABLE ctlt4 (a int, b text);
CREATE TABLE
CREATE SEQUENCE ctlseq1;
CREATE SEQUENCE
CREATE TABLE ctlt10 (LIKE ctlseq1);  -- fail
ERROR:  42809: "ctlseq1" is not a table, view, materialized view, composite type, or foreign table
LINE 1: CREATE TABLE ctlt10 (LIKE ctlseq1);
                                  ^
CREATE VIEW ctlv1 AS SELECT * FROM ctlt4;
CREATE VIEW
CREATE TABLE ctlt11 (LIKE ctlv1);
CREATE TABLE
CREATE TABLE ctlt11a (LIKE ctlv1 INCLUDING ALL);
CREATE TABLE
CREATE TYPE ctlty1 AS (a int, b text);
CREATE TYPE
CREATE TABLE ctlt12 (LIKE ctlty1);
CREATE TABLE
DROP SEQUENCE ctlseq1;
DROP SEQUENCE
DROP TYPE ctlty1;
DROP TYPE
DROP VIEW ctlv1;
DROP VIEW
DROP TABLE IF EXISTS ctlt4, ctlt10, ctlt11, ctlt11a, ctlt12;
NOTICE:  00000: table "ctlt10" does not exist, skipping
DROP TABLE
