--
-- CREATE_TYPE
--
--
-- Note: widget_in/out were created in create_function_1, without any
-- prior shell-type creation.  These commands therefore complete a test
-- of the "old style" approach of making the functions first.
--
CREATE TYPE widget (
   internallength = 24,
   input = widget_in,
   output = widget_out,
   typmod_in = numerictypmodin,
   typmod_out = numerictypmodout,
   alignment = double
);
ERROR:  42883: function widget_in(cstring) does not exist
CREATE TYPE city_budget (
   internallength = 16,
   input = int44in,
   output = int44out,
   element = int4,
   category = 'x',   -- just to verify the system will take it
   preferred = true  -- ditto
);
ERROR:  42883: function int44in(cstring) does not exist
-- Test creation and destruction of shell types
CREATE TYPE shell;
CREATE TYPE
CREATE TYPE shell;   -- fail, type already present
ERROR:  42710: type "shell" already exists
DROP TYPE shell;
DROP TYPE
DROP TYPE shell;     -- fail, type not exist
ERROR:  42704: type "shell" does not exist
-- also, let's leave one around for purposes of pg_dump testing
CREATE TYPE myshell;
CREATE TYPE
--
-- Test type-related default values (broken in releases before PG 7.2)
--
-- This part of the test also exercises the "new style" approach of making
-- a shell type and then filling it in.
--
CREATE TYPE int42;
CREATE TYPE
CREATE TYPE text_w_default;
CREATE TYPE
-- Make dummy I/O routines using the existing internal support for int4, text
CREATE FUNCTION int42_in(cstring)
   RETURNS int42
   AS 'int4in'
   LANGUAGE internal STRICT IMMUTABLE;
NOTICE:  42809: return type int42 is only a shell
CREATE FUNCTION
CREATE FUNCTION int42_out(int42)
   RETURNS cstring
   AS 'int4out'
   LANGUAGE internal STRICT IMMUTABLE;
NOTICE:  42809: argument type int42 is only a shell
CREATE FUNCTION
CREATE FUNCTION text_w_default_in(cstring)
   RETURNS text_w_default
   AS 'textin'
   LANGUAGE internal STRICT IMMUTABLE;
NOTICE:  42809: return type text_w_default is only a shell
CREATE FUNCTION
CREATE FUNCTION text_w_default_out(text_w_default)
   RETURNS cstring
   AS 'textout'
   LANGUAGE internal STRICT IMMUTABLE;
NOTICE:  42809: argument type text_w_default is only a shell
CREATE FUNCTION
CREATE TYPE int42 (
   internallength = 4,
   input = int42_in,
   output = int42_out,
   alignment = int4,
   default = 42,
   passedbyvalue
);
CREATE TYPE
CREATE TYPE text_w_default (
   internallength = variable,
   input = text_w_default_in,
   output = text_w_default_out,
   alignment = int4,
   default = 'zippo'
);
CREATE TYPE
CREATE TABLE default_test (f1 text_w_default, f2 int42);
CREATE TABLE
INSERT INTO default_test DEFAULT VALUES;
INSERT 0 1
SELECT * FROM default_test;
  f1   | f2 
-------+----
 zippo | 42
(1 row)

-- Test stand-alone composite type
CREATE TYPE default_test_row AS (f1 text_w_default, f2 int42);
CREATE TYPE
CREATE FUNCTION get_default_test() RETURNS SETOF default_test_row AS '
  SELECT * FROM default_test;
' LANGUAGE SQL;
CREATE FUNCTION
SELECT * FROM get_default_test();
  f1   | f2 
-------+----
 zippo | 42
(1 row)

-- Test comments
COMMENT ON TYPE bad IS 'bad comment';
ERROR:  42704: type "bad" does not exist
COMMENT ON TYPE default_test_row IS 'good comment';
COMMENT
COMMENT ON TYPE default_test_row IS NULL;
COMMENT
COMMENT ON COLUMN default_test_row.nope IS 'bad comment';
ERROR:  42703: column "nope" of relation "default_test_row" does not exist
COMMENT ON COLUMN default_test_row.f1 IS 'good comment';
COMMENT
COMMENT ON COLUMN default_test_row.f1 IS NULL;
COMMENT
-- Check shell type create for existing types
CREATE TYPE text_w_default;		-- should fail
ERROR:  42710: type "text_w_default" already exists
DROP TYPE default_test_row CASCADE;
NOTICE:  00000: drop cascades to function get_default_test()
DROP TYPE
DROP TABLE default_test;
DROP TABLE
-- Check type create with input/output incompatibility
CREATE TYPE not_existing_type (INPUT = array_in,
    OUTPUT = array_out,
    ELEMENT = int,
    INTERNALLENGTH = 32);
ERROR:  42883: function array_out(not_existing_type) does not exist
-- Check dependency transfer of opaque functions when creating a new type
CREATE FUNCTION base_fn_in(cstring) RETURNS opaque AS 'boolin'
    LANGUAGE internal IMMUTABLE STRICT;
CREATE FUNCTION
CREATE FUNCTION base_fn_out(opaque) RETURNS opaque AS 'boolout'
    LANGUAGE internal IMMUTABLE STRICT;
CREATE FUNCTION
CREATE TYPE base_type(INPUT = base_fn_in, OUTPUT = base_fn_out);
WARNING:  01000: changing argument type of function base_fn_out from "opaque" to base_type
WARNING:  01000: changing return type of function base_fn_in from "opaque" to base_type
WARNING:  01000: changing return type of function base_fn_out from "opaque" to "cstring"
CREATE TYPE
DROP FUNCTION base_fn_in(cstring); -- error
ERROR:  2BP01: cannot drop function base_fn_in(cstring) because other objects depend on it
DETAIL:  type base_type depends on function base_fn_in(cstring)
function base_fn_out(base_type) depends on type base_type
HINT:  Use DROP ... CASCADE to drop the dependent objects too.
DROP FUNCTION base_fn_out(opaque); -- error
ERROR:  42883: function base_fn_out(opaque) does not exist
DROP TYPE base_type; -- error
ERROR:  2BP01: cannot drop type base_type because other objects depend on it
DETAIL:  function base_fn_out(base_type) depends on type base_type
function base_fn_in(cstring) depends on type base_type
HINT:  Use DROP ... CASCADE to drop the dependent objects too.
DROP TYPE base_type CASCADE;
NOTICE:  00000: drop cascades to 2 other objects
DETAIL:  drop cascades to function base_fn_out(base_type)
drop cascades to function base_fn_in(cstring)
DROP TYPE
-- Check usage of typmod with a user-defined type
-- (we have borrowed numeric's typmod functions)
CREATE TEMP TABLE mytab (foo widget(42,13,7));     -- should fail
ERROR:  42704: type "widget" does not exist
LINE 1: CREATE TEMP TABLE mytab (foo widget(42,13,7));
                                     ^
CREATE TEMP TABLE mytab (foo widget(42,13));
ERROR:  42704: type "widget" does not exist
LINE 1: CREATE TEMP TABLE mytab (foo widget(42,13));
                                     ^
SELECT format_type(atttypid,atttypmod) FROM pg_attribute
WHERE attrelid = 'mytab'::regclass AND attnum > 0;
ERROR:  42P01: relation "mytab" does not exist
LINE 2: WHERE attrelid = 'mytab'::regclass AND attnum > 0;
                         ^
