--
-- RELTIME
--
CREATE TABLE RELTIME_TBL (f1 reltime);
CREATE TABLE
INSERT INTO RELTIME_TBL (f1) VALUES ('@ 1 minute');
INSERT 0 1
INSERT INTO RELTIME_TBL (f1) VALUES ('@ 5 hour');
INSERT 0 1
INSERT INTO RELTIME_TBL (f1) VALUES ('@ 10 day');
INSERT 0 1
INSERT INTO RELTIME_TBL (f1) VALUES ('@ 34 year');
INSERT 0 1
INSERT INTO RELTIME_TBL (f1) VALUES ('@ 3 months');
INSERT 0 1
INSERT INTO RELTIME_TBL (f1) VALUES ('@ 14 seconds ago');
INSERT 0 1
-- badly formatted reltimes
INSERT INTO RELTIME_TBL (f1) VALUES ('badly formatted reltime');
ERROR:  22007: invalid input syntax for type reltime: "badly formatted reltime"
LINE 1: INSERT INTO RELTIME_TBL (f1) VALUES ('badly formatted reltim...
                                             ^
INSERT INTO RELTIME_TBL (f1) VALUES ('@ 30 eons ago');
ERROR:  22007: invalid input syntax for type reltime: "@ 30 eons ago"
LINE 1: INSERT INTO RELTIME_TBL (f1) VALUES ('@ 30 eons ago');
                                             ^
-- test reltime operators
SELECT '' AS six, * FROM RELTIME_TBL;
 six |    f1     
-----+-----------
     | 00:01:00
     | 05:00:00
     | 10 days
     | 34 years
     | 3 mons
     | -00:00:14
(6 rows)

SELECT '' AS five, * FROM RELTIME_TBL
   WHERE RELTIME_TBL.f1 <> reltime '@ 10 days';
 five |    f1     
------+-----------
      | 00:01:00
      | 05:00:00
      | 34 years
      | 3 mons
      | -00:00:14
(5 rows)

SELECT '' AS three, * FROM RELTIME_TBL
   WHERE RELTIME_TBL.f1 <= reltime '@ 5 hours';
 three |    f1     
-------+-----------
       | 00:01:00
       | 05:00:00
       | -00:00:14
(3 rows)

SELECT '' AS three, * FROM RELTIME_TBL
   WHERE RELTIME_TBL.f1 < reltime '@ 1 day';
 three |    f1     
-------+-----------
       | 00:01:00
       | 05:00:00
       | -00:00:14
(3 rows)

SELECT '' AS one, * FROM RELTIME_TBL
   WHERE RELTIME_TBL.f1 = reltime '@ 34 years';
 one |    f1    
-----+----------
     | 34 years
(1 row)

SELECT '' AS two, * FROM RELTIME_TBL
   WHERE RELTIME_TBL.f1 >= reltime '@ 1 month';
 two |    f1    
-----+----------
     | 34 years
     | 3 mons
(2 rows)

SELECT '' AS five, * FROM RELTIME_TBL
   WHERE RELTIME_TBL.f1 > reltime '@ 3 seconds ago';
 five |    f1    
------+----------
      | 00:01:00
      | 05:00:00
      | 10 days
      | 34 years
      | 3 mons
(5 rows)

SELECT '' AS fifteen, r1.*, r2.*
   FROM RELTIME_TBL r1, RELTIME_TBL r2
   WHERE r1.f1 > r2.f1
   ORDER BY r1.f1, r2.f1;
 fifteen |    f1    |    f1     
---------+----------+-----------
         | 00:01:00 | -00:00:14
         | 05:00:00 | -00:00:14
         | 05:00:00 | 00:01:00
         | 10 days  | -00:00:14
         | 10 days  | 00:01:00
         | 10 days  | 05:00:00
         | 3 mons   | -00:00:14
         | 3 mons   | 00:01:00
         | 3 mons   | 05:00:00
         | 3 mons   | 10 days
         | 34 years | -00:00:14
         | 34 years | 00:01:00
         | 34 years | 05:00:00
         | 34 years | 10 days
         | 34 years | 3 mons
(15 rows)

